,title,price,link
0,"Lenovo IdeaPad Slim 3 12th Gen Intel Core i5-12450H 15.6"" (39.6cm) FHD IPS Thin & Light Laptop (16GB/512GB SSD/Win 11/Office 21/Backlit KB/1 Yr ADP Free/3 Mon. Game Pass/Grey/1.6Kg), 83ER008DIN  ","₹52,990",https://amazon.in//sspa/click?ie=UTF8&spc=MTozNDY5ODM3NjMzMzkxMjAzOjE3MjE2NTU5OTc6c3BfYXRmOjMwMDEwMzQ5ODU4NjEzMjo6MDo6&url=%2FLenovo-IdeaPad-i5-12450H-Warranty-83ER008DIN%2Fdp%2FB0CNVH114V%2Fref%3Dsr_1_1_sspa%3Fcrid%3D90IDMGCNQ28V%26dib%3DeyJ2IjoiMSJ9.AeiGbFXyCURID9x2n--3FgKLs-WlE8yDSsYWx_W3MCoW-_LW77YZRX4IuZ4Hm3lP_0q-HnFpsjqs-5WZypKGw_pjeGJgDzlnQ493QYrydCAeUs5dXmlMLKxjrKfZ_QLyITJUMFqhSez9NgUV-iMBwtvpaR_u2Iy6qx8i4InbKywEAZ7Kd1lTNuzpr92ReiH4HX6UNEfRmCOyVfEOkH75M3FxBIQupKNLBWCJyMB8kwg.oesMpGkyk5LpvBnaH0ofp6gWPs4P1xKIE82oO07ozis%26dib_tag%3Dse%26keywords%3Dlaptop%26qid%3D1721655997%26sprefix%3Dlaptop%252Caps%252C248%26sr%3D8-1-spons%26sp_csd%3Dd2lkZ2V0TmFtZT1zcF9hdGY%26psc%3D1
1,"Lenovo [Smartchoice] LOQ 12th Gen Intel Core i5-12450HX /39.6cm/ 144Hz 300Nits FHD Gaming Laptop (16GB/512GB SSD/Win 11/ RTX 3050 6GB Graphics/100% sRGB/MSO 21/3 Mon Game Pass/Grey/2.4Kg), 83GS003UIN  ","₹65,980",https://amazon.in//sspa/click?ie=UTF8&spc=MTo4ODQ2MzU1MTM2OTQ0MjAzOjE3MjE2NTU5OTc6c3Bfc2VhcmNoX3RoZW1hdGljOjMwMDE2NzA4OTQ1OTMzMjo6NDo6&url=%2FLenovo-Smartchoice-i5-12450HX-Graphics-83GS003UIN%2Fdp%2FB0CX8XPKWJ%2Fref%3Dsxin_15_pa_sp_search_thematic_sspa%3Fcontent-id%3Damzn1.sym.85e046b2-1010-4183-b7b7-f25119863240%253Aamzn1.sym.85e046b2-1010-4183-b7b7-f25119863240%26crid%3D90IDMGCNQ28V%26cv_ct_cx%3Dlaptop%26dib%3DeyJ2IjoiMSJ9.5QAwv_VUEud7NrEDn6bcLcdDEDaJEpVTy1jyA2Pl0cF8QUGrv-XbQ9HNvrs5mnFU78V5BXlpG1_eQQlPfXe6jg.-BD9QjRjdC8OH8l5k4aGfdeS2uIzBZbLXprw0Wyuixc%26dib_tag%3Dse%26keywords%3Dlaptop%26pd_rd_i%3DB0CX8XPKWJ%26pd_rd_r%3D44c9b6c8-2f8f-4061-80d9-650f1292759f%26pd_rd_w%3DqY5rn%26pd_rd_wg%3DKsBsH%26pf_rd_p%3D85e046b2-1010-4183-b7b7-f25119863240%26pf_rd_r%3DEHSWXDV4DAN5DBD2TKKN%26qid%3D1721655997%26sbo%3DRZvfv%252F%252FHxDF%252BO5021pAnSA%253D%253D%26sprefix%3Dlaptop%252Caps%252C248%26sr%3D1-5-ced4eeeb-b190-41d6-902a-1ecb3fb8b7c4-spons%26sp_csd%3Dd2lkZ2V0TmFtZT1zcF9zZWFyY2hfdGhlbWF0aWM%26psc%3D1
2,"Acer Aspire Lite 12th Gen Intel Core i3-1215U Premium Metal Laptop (Windows 11 Home/8 GB RAM/512GB SSD) AL15-52, 39.62cm (15.6"") Full HD Display, Metal Body, Steel Gray, 1.59 Kg  ","₹29,990",https://amazon.in//Acer-i3-1215U-Premium-Windows-AL15-52/dp/B0CKLN7PSZ/ref=sr_1_6?crid=90IDMGCNQ28V&dib=eyJ2IjoiMSJ9.AeiGbFXyCURID9x2n--3FgKLs-WlE8yDSsYWx_W3MCoW-_LW77YZRX4IuZ4Hm3lP_0q-HnFpsjqs-5WZypKGw_pjeGJgDzlnQ493QYrydCAeUs5dXmlMLKxjrKfZ_QLyITJUMFqhSez9NgUV-iMBwtvpaR_u2Iy6qx8i4InbKywEAZ7Kd1lTNuzpr92ReiH4HX6UNEfRmCOyVfEOkH75M3FxBIQupKNLBWCJyMB8kwg.oesMpGkyk5LpvBnaH0ofp6gWPs4P1xKIE82oO07ozis&dib_tag=se&keywords=laptop&qid=1721655997&sprefix=laptop%2Caps%2C248&sr=8-6
3,"Acer Aspire 3 Laptop Intel Core Celeron N4500 Processor Laptop (8 GB LPDDR4X SDRAM/512 GB SSD/Win11 Home/38 Whr/HD Webcam) A325-45 with 39.63 cm (15.6"") HD Display, Pure Silver, 1.5 KG  ","₹20,989",https://amazon.in//Acer-Celeron-Processor-LPDDR4X-A325-45/dp/B0D7PYTTGH/ref=sr_1_7?crid=90IDMGCNQ28V&dib=eyJ2IjoiMSJ9.AeiGbFXyCURID9x2n--3FgKLs-WlE8yDSsYWx_W3MCoW-_LW77YZRX4IuZ4Hm3lP_0q-HnFpsjqs-5WZypKGw_pjeGJgDzlnQ493QYrydCAeUs5dXmlMLKxjrKfZ_QLyITJUMFqhSez9NgUV-iMBwtvpaR_u2Iy6qx8i4InbKywEAZ7Kd1lTNuzpr92ReiH4HX6UNEfRmCOyVfEOkH75M3FxBIQupKNLBWCJyMB8kwg.oesMpGkyk5LpvBnaH0ofp6gWPs4P1xKIE82oO07ozis&dib_tag=se&keywords=laptop&qid=1721655997&sprefix=laptop%2Caps%2C248&sr=8-7
4,"Acer Aspire 3 Laptop Intel Core Celeron N4500 Processor Laptop (8 GB LPDDR4X SDRAM/256 GB SSD/Win11 Home/38 Whr/HD Webcam) A325-45 with 39.63 cm (15.6"") HD Display, Pure Silver, 1.5 KG  ","₹19,990",https://amazon.in//Acer-Celeron-Processor-LPDDR4X-A325-45/dp/B0D7PTFFZH/ref=sr_1_8?crid=90IDMGCNQ28V&dib=eyJ2IjoiMSJ9.AeiGbFXyCURID9x2n--3FgKLs-WlE8yDSsYWx_W3MCoW-_LW77YZRX4IuZ4Hm3lP_0q-HnFpsjqs-5WZypKGw_pjeGJgDzlnQ493QYrydCAeUs5dXmlMLKxjrKfZ_QLyITJUMFqhSez9NgUV-iMBwtvpaR_u2Iy6qx8i4InbKywEAZ7Kd1lTNuzpr92ReiH4HX6UNEfRmCOyVfEOkH75M3FxBIQupKNLBWCJyMB8kwg.oesMpGkyk5LpvBnaH0ofp6gWPs4P1xKIE82oO07ozis&dib_tag=se&keywords=laptop&qid=1721655997&sprefix=laptop%2Caps%2C248&sr=8-8
5,"HP Laptop 15s, 12th Gen Intel Core i5-1235U, 15.6-inch (39.6 cm), FHD, 16GB DDR4, 512GB SSD, Intel Iris Xe graphics, Backlit KB,MSO,Thin & Light, Dual speakers (Win 11, Silver, 1.69 kg), fq5330TU  ","₹48,990",https://amazon.in//HP-i5-1235U-15-6-inch-graphics-speakers/dp/B0CTKHTNWL/ref=sr_1_9?crid=90IDMGCNQ28V&dib=eyJ2IjoiMSJ9.AeiGbFXyCURID9x2n--3FgKLs-WlE8yDSsYWx_W3MCoW-_LW77YZRX4IuZ4Hm3lP_0q-HnFpsjqs-5WZypKGw_pjeGJgDzlnQ493QYrydCAeUs5dXmlMLKxjrKfZ_QLyITJUMFqhSez9NgUV-iMBwtvpaR_u2Iy6qx8i4InbKywEAZ7Kd1lTNuzpr92ReiH4HX6UNEfRmCOyVfEOkH75M3FxBIQupKNLBWCJyMB8kwg.oesMpGkyk5LpvBnaH0ofp6gWPs4P1xKIE82oO07ozis&dib_tag=se&keywords=laptop&qid=1721655997&sprefix=laptop%2Caps%2C248&sr=8-9
6,"Dell [Smartchoice 15 Thin & Light Laptop, 12th Gen Intel Core i3-1215U Processor/8GB/512GB SSD/Intel UHD Graphics/15.6""(39.62cm) FHD/Windows 11 + MSO'21/15 Month McAfee/Spill-Resistant KB/Grey/1.48kg  ","₹35,990",https://amazon.in//Dell-i3-1215U-Graphic-Spill-Resistant-Keyboard/dp/B0BQJ68HHC/ref=sr_1_10?crid=90IDMGCNQ28V&dib=eyJ2IjoiMSJ9.AeiGbFXyCURID9x2n--3FgKLs-WlE8yDSsYWx_W3MCoW-_LW77YZRX4IuZ4Hm3lP_0q-HnFpsjqs-5WZypKGw_pjeGJgDzlnQ493QYrydCAeUs5dXmlMLKxjrKfZ_QLyITJUMFqhSez9NgUV-iMBwtvpaR_u2Iy6qx8i4InbKywEAZ7Kd1lTNuzpr92ReiH4HX6UNEfRmCOyVfEOkH75M3FxBIQupKNLBWCJyMB8kwg.oesMpGkyk5LpvBnaH0ofp6gWPs4P1xKIE82oO07ozis&dib_tag=se&keywords=laptop&qid=1721655997&sprefix=laptop%2Caps%2C248&sr=8-10
7,"Lenovo IdeaPad Slim 5 Intel Core Ultra 5 125H Built-in AI 14"" (35.5cm) WUXGA-OLED 400Nits Thin & Light Laptop (16GB/1TB SSD/Win 11/MSO 21/FHD+IR Cam/1Yr ADP Free/3Mon Game Pass/Grey/1.4Kg), 83DA0049IN  ","₹81,490",https://amazon.in//sspa/click?ie=UTF8&spc=MTozNDY5ODM3NjMzMzkxMjAzOjE3MjE2NTU5OTc6c3BfbXRmOjMwMDI0MDY1NTg1MTczMjo6MDo6&url=%2FLenovo-IdeaPad-WUXGA-OLED-400Nits-83DA0049IN%2Fdp%2FB0CSPG1TJZ%2Fref%3Dsr_1_11_sspa%3Fcrid%3D90IDMGCNQ28V%26dib%3DeyJ2IjoiMSJ9.AeiGbFXyCURID9x2n--3FgKLs-WlE8yDSsYWx_W3MCoW-_LW77YZRX4IuZ4Hm3lP_0q-HnFpsjqs-5WZypKGw_pjeGJgDzlnQ493QYrydCAeUs5dXmlMLKxjrKfZ_QLyITJUMFqhSez9NgUV-iMBwtvpaR_u2Iy6qx8i4InbKywEAZ7Kd1lTNuzpr92ReiH4HX6UNEfRmCOyVfEOkH75M3FxBIQupKNLBWCJyMB8kwg.oesMpGkyk5LpvBnaH0ofp6gWPs4P1xKIE82oO07ozis%26dib_tag%3Dse%26keywords%3Dlaptop%26qid%3D1721655997%26sprefix%3Dlaptop%252Caps%252C248%26sr%3D8-11-spons%26sp_csd%3Dd2lkZ2V0TmFtZT1zcF9tdGY%26psc%3D1
8,"Lenovo IdeaPad Slim 1 AMD Ryzen 5 5500U 15.6"" HD Thin and Light Laptop (16GB/512GB SSD/Windows 11 Home/MS Office 2021/1Yr ADP Free/Cloud Grey/1.61Kg), 82R400ERIN  ","₹37,990",https://amazon.in//sspa/click?ie=UTF8&spc=MTozNDY5ODM3NjMzMzkxMjAzOjE3MjE2NTU5OTc6c3BfbXRmOjMwMDEwNzY0ODY4NjAzMjo6MDo6&url=%2FLenovo-IdeaPad-Laptop-Windows-82R400ERIN%2Fdp%2FB0CP2KRYLM%2Fref%3Dsr_1_12_sspa%3Fcrid%3D90IDMGCNQ28V%26dib%3DeyJ2IjoiMSJ9.AeiGbFXyCURID9x2n--3FgKLs-WlE8yDSsYWx_W3MCoW-_LW77YZRX4IuZ4Hm3lP_0q-HnFpsjqs-5WZypKGw_pjeGJgDzlnQ493QYrydCAeUs5dXmlMLKxjrKfZ_QLyITJUMFqhSez9NgUV-iMBwtvpaR_u2Iy6qx8i4InbKywEAZ7Kd1lTNuzpr92ReiH4HX6UNEfRmCOyVfEOkH75M3FxBIQupKNLBWCJyMB8kwg.oesMpGkyk5LpvBnaH0ofp6gWPs4P1xKIE82oO07ozis%26dib_tag%3Dse%26keywords%3Dlaptop%26qid%3D1721655997%26sprefix%3Dlaptop%252Caps%252C248%26sr%3D8-12-spons%26sp_csd%3Dd2lkZ2V0TmFtZT1zcF9tdGY%26psc%3D1
9,"HP Laptop 15s, AMD Ryzen 5 5500U, 15.6-inch (39.6 cm), FHD, 16GB DDR4, 512GB SSD, AMD Radeon graphics, 720p HD camera, Backlit KB, Thin & Light (Win 11, MSO 2021, Silver, 1.69 kg), eq2182AU  ","₹39,890",https://amazon.in//HP-15-6-inches-Micro-Edge-Anti-Glare-15s-eq2182AU/dp/B0B4N77Y34/ref=sr_1_13?crid=90IDMGCNQ28V&dib=eyJ2IjoiMSJ9.AeiGbFXyCURID9x2n--3FgKLs-WlE8yDSsYWx_W3MCoW-_LW77YZRX4IuZ4Hm3lP_0q-HnFpsjqs-5WZypKGw_pjeGJgDzlnQ493QYrydCAeUs5dXmlMLKxjrKfZ_QLyITJUMFqhSez9NgUV-iMBwtvpaR_u2Iy6qx8i4InbKywEAZ7Kd1lTNuzpr92ReiH4HX6UNEfRmCOyVfEOkH75M3FxBIQupKNLBWCJyMB8kwg.oesMpGkyk5LpvBnaH0ofp6gWPs4P1xKIE82oO07ozis&dib_tag=se&keywords=laptop&qid=1721655997&sprefix=laptop%2Caps%2C248&sr=8-13
10,"Lenovo IdeaPad Slim 1 AMD Ryzen 5 5500U 15.6"" HD Thin and Light Laptop (16GB/512GB SSD/Windows 11 Home/MS Office 2021/1Yr ADP Free/Cloud Grey/1.61Kg), 82R400ERIN  ","₹37,990",https://amazon.in//Lenovo-IdeaPad-Laptop-Windows-82R400ERIN/dp/B0CP2KRYLM/ref=sr_1_14?crid=90IDMGCNQ28V&dib=eyJ2IjoiMSJ9.AeiGbFXyCURID9x2n--3FgKLs-WlE8yDSsYWx_W3MCoW-_LW77YZRX4IuZ4Hm3lP_0q-HnFpsjqs-5WZypKGw_pjeGJgDzlnQ493QYrydCAeUs5dXmlMLKxjrKfZ_QLyITJUMFqhSez9NgUV-iMBwtvpaR_u2Iy6qx8i4InbKywEAZ7Kd1lTNuzpr92ReiH4HX6UNEfRmCOyVfEOkH75M3FxBIQupKNLBWCJyMB8kwg.oesMpGkyk5LpvBnaH0ofp6gWPs4P1xKIE82oO07ozis&dib_tag=se&keywords=laptop&qid=1721655997&sprefix=laptop%2Caps%2C248&sr=8-14
11,"Lenovo IdeaPad Slim 3 12th Gen Intel Core i5-12450H 14"" (35.5cm) FHD 250 Nits Thin & Light Laptop (16GB/512GB SSD/Win 11/Office 21/1Yr ADP Free/Alexa built-in/3 mon. Game Pass/Grey/1.37Kg), 83EQ005VIN  ","₹51,490",https://amazon.in//sspa/click?ie=UTF8&spc=MTozNDY5ODM3NjMzMzkxMjAzOjE3MjE2NTU5OTc6c3BfYXRmOjMwMDIzMjE3Nzg5MjEzMjo6MDo6&url=%2FLenovo-IdeaPad-i5-12450H-35-5cm-83EQ005VIN%2Fdp%2FB0D6MPVN7B%2Fref%3Dsr_1_2_sspa%3Fcrid%3D90IDMGCNQ28V%26dib%3DeyJ2IjoiMSJ9.AeiGbFXyCURID9x2n--3FgKLs-WlE8yDSsYWx_W3MCoW-_LW77YZRX4IuZ4Hm3lP_0q-HnFpsjqs-5WZypKGw_pjeGJgDzlnQ493QYrydCAeUs5dXmlMLKxjrKfZ_QLyITJUMFqhSez9NgUV-iMBwtvpaR_u2Iy6qx8i4InbKywEAZ7Kd1lTNuzpr92ReiH4HX6UNEfRmCOyVfEOkH75M3FxBIQupKNLBWCJyMB8kwg.oesMpGkyk5LpvBnaH0ofp6gWPs4P1xKIE82oO07ozis%26dib_tag%3Dse%26keywords%3Dlaptop%26qid%3D1721655997%26sprefix%3Dlaptop%252Caps%252C248%26sr%3D8-2-spons%26sp_csd%3Dd2lkZ2V0TmFtZT1zcF9hdGY%26psc%3D1
12,"Lenovo V15 G2 Laptop, 15.6"" FHD Display, Free Microsoft Office 2021 with Lifetime License, Dual-core Intel Celeron N4500, 8GB RAM, 256GB SSD, Ethernet, 6.5 Hours Battery Life, Windows 11 , Black  ","₹24,980",https://amazon.in//Lenovo-Microsoft-Lifetime-Dual-core-Ethernet/dp/B0CR8VHCSV/ref=sr_1_15?crid=90IDMGCNQ28V&dib=eyJ2IjoiMSJ9.AeiGbFXyCURID9x2n--3FgKLs-WlE8yDSsYWx_W3MCoW-_LW77YZRX4IuZ4Hm3lP_0q-HnFpsjqs-5WZypKGw_pjeGJgDzlnQ493QYrydCAeUs5dXmlMLKxjrKfZ_QLyITJUMFqhSez9NgUV-iMBwtvpaR_u2Iy6qx8i4InbKywEAZ7Kd1lTNuzpr92ReiH4HX6UNEfRmCOyVfEOkH75M3FxBIQupKNLBWCJyMB8kwg.oesMpGkyk5LpvBnaH0ofp6gWPs4P1xKIE82oO07ozis&dib_tag=se&keywords=laptop&qid=1721655997&sprefix=laptop%2Caps%2C248&sr=8-15
13,"HP Laptop 15s, 12th Gen Intel Core i5-1235U, 15.6-inch (39.6 cm), FHD, 16GB DDR4, 512GB SSD, Intel Iris Xe graphics, 720p HD camera, Backlit KB, Thin & Light (Win 11, Silver, 1.69 kg), fy5009TU  ","₹50,990",https://amazon.in//HP-i5-1235U-15-6-inch-graphics-fy5009TU/dp/B0D4M66F6R/ref=sr_1_16?crid=90IDMGCNQ28V&dib=eyJ2IjoiMSJ9.AeiGbFXyCURID9x2n--3FgKLs-WlE8yDSsYWx_W3MCoW-_LW77YZRX4IuZ4Hm3lP_0q-HnFpsjqs-5WZypKGw_pjeGJgDzlnQ493QYrydCAeUs5dXmlMLKxjrKfZ_QLyITJUMFqhSez9NgUV-iMBwtvpaR_u2Iy6qx8i4InbKywEAZ7Kd1lTNuzpr92ReiH4HX6UNEfRmCOyVfEOkH75M3FxBIQupKNLBWCJyMB8kwg.oesMpGkyk5LpvBnaH0ofp6gWPs4P1xKIE82oO07ozis&dib_tag=se&keywords=laptop&qid=1721655997&sprefix=laptop%2Caps%2C248&sr=8-16
14,"Acer Aspire Lite AMD Ryzen 5 5500U Premium Thin and Light Laptop (16 GB RAM/512 GB SSD/Windows 11 Home) AL15-41, 39.62 cm (15.6"") Full HD Display, Metal Body, Steel Gray, 1.59 KG  ","₹33,999",https://amazon.in//Acer-Premium-Windows-AL15-41-Display/dp/B0CB7S1RTX/ref=sr_1_17?crid=90IDMGCNQ28V&dib=eyJ2IjoiMSJ9.AeiGbFXyCURID9x2n--3FgKLs-WlE8yDSsYWx_W3MCoW-_LW77YZRX4IuZ4Hm3lP_0q-HnFpsjqs-5WZypKGw_pjeGJgDzlnQ493QYrydCAeUs5dXmlMLKxjrKfZ_QLyITJUMFqhSez9NgUV-iMBwtvpaR_u2Iy6qx8i4InbKywEAZ7Kd1lTNuzpr92ReiH4HX6UNEfRmCOyVfEOkH75M3FxBIQupKNLBWCJyMB8kwg.oesMpGkyk5LpvBnaH0ofp6gWPs4P1xKIE82oO07ozis&dib_tag=se&keywords=laptop&qid=1721655997&sprefix=laptop%2Caps%2C248&sr=8-17
15,"(Refurbished) HP Chromebook 13 G1 6th Gen Intel Core m5 FHD Thin & Light Laptop (8 GB RAM| 32 GB eMMC Storage| 13.3"" (33.8 cm) FHD| Chrome OS| WiFi| Bluetooth| Webcam| Intel Graphics)  ","₹12,995",https://amazon.in//Refurbished-HP-Chromebook-Bluetooth-Graphics/dp/B0D335SPLQ/ref=sr_1_18?crid=90IDMGCNQ28V&dib=eyJ2IjoiMSJ9.AeiGbFXyCURID9x2n--3FgKLs-WlE8yDSsYWx_W3MCoW-_LW77YZRX4IuZ4Hm3lP_0q-HnFpsjqs-5WZypKGw_pjeGJgDzlnQ493QYrydCAeUs5dXmlMLKxjrKfZ_QLyITJUMFqhSez9NgUV-iMBwtvpaR_u2Iy6qx8i4InbKywEAZ7Kd1lTNuzpr92ReiH4HX6UNEfRmCOyVfEOkH75M3FxBIQupKNLBWCJyMB8kwg.oesMpGkyk5LpvBnaH0ofp6gWPs4P1xKIE82oO07ozis&dib_tag=se&keywords=laptop&qid=1721655997&sprefix=laptop%2Caps%2C248&sr=8-18
16,"Lenovo IdeaPad Slim 3 12th Gen Intel Core i5-12450H 14"" (35.5cm) FHD 250 Nits Thin & Light Laptop (16GB/512GB SSD/Win 11/Office 21/1Yr ADP Free/Alexa built-in/3 mon. Game Pass/Grey/1.37Kg), 83EQ005VIN  ","₹51,490",https://amazon.in//Lenovo-IdeaPad-i5-12450H-35-5cm-83EQ005VIN/dp/B0D6MPVN7B/ref=sr_1_19?crid=90IDMGCNQ28V&dib=eyJ2IjoiMSJ9.AeiGbFXyCURID9x2n--3FgKLs-WlE8yDSsYWx_W3MCoW-_LW77YZRX4IuZ4Hm3lP_0q-HnFpsjqs-5WZypKGw_pjeGJgDzlnQ493QYrydCAeUs5dXmlMLKxjrKfZ_QLyITJUMFqhSez9NgUV-iMBwtvpaR_u2Iy6qx8i4InbKywEAZ7Kd1lTNuzpr92ReiH4HX6UNEfRmCOyVfEOkH75M3FxBIQupKNLBWCJyMB8kwg.oesMpGkyk5LpvBnaH0ofp6gWPs4P1xKIE82oO07ozis&dib_tag=se&keywords=laptop&qid=1721655997&sprefix=laptop%2Caps%2C248&sr=8-19
17,"Lenovo IdeaPad 1 AMD Ryzen 5 5500U 15.6"" (39.62cm) FHD Thin & Light Laptop (8GB/512GB SSD/Windows 11/Office 2021/HD Camera/1 Year ADP Free/Grey/1.6Kg), 82R400BGIN  ","₹35,490",https://amazon.in//Lenovo-IdeaPad-39-62cm-Windows-82R400BGIN/dp/B09MM58Y7Q/ref=sr_1_20?crid=90IDMGCNQ28V&dib=eyJ2IjoiMSJ9.AeiGbFXyCURID9x2n--3FgKLs-WlE8yDSsYWx_W3MCoW-_LW77YZRX4IuZ4Hm3lP_0q-HnFpsjqs-5WZypKGw_pjeGJgDzlnQ493QYrydCAeUs5dXmlMLKxjrKfZ_QLyITJUMFqhSez9NgUV-iMBwtvpaR_u2Iy6qx8i4InbKywEAZ7Kd1lTNuzpr92ReiH4HX6UNEfRmCOyVfEOkH75M3FxBIQupKNLBWCJyMB8kwg.oesMpGkyk5LpvBnaH0ofp6gWPs4P1xKIE82oO07ozis&dib_tag=se&keywords=laptop&qid=1721655997&sprefix=laptop%2Caps%2C248&sr=8-20
18,"Lenovo Yoga Slim 7 Intel Core Ultra 7 155H Built-in AI 14""(35.5cm) WUXGA-OLED 400Nits Laptop (32GB/1TB SSD/100% DCI-P3/FHD+IR Camera/Win11/MSO 21/1Yr ADP Free/3Mon. Game Pass/Grey/1.39Kg), 83CV002DIN  ","₹1,05,799",https://amazon.in//sspa/click?ie=UTF8&spc=MTozNDY5ODM3NjMzMzkxMjAzOjE3MjE2NTU5OTc6c3BfYnRmOjMwMDI0MDY1NTg1MTgzMjo6MDo6&url=%2FLenovo-Built-WUXGA-OLED-400Nits-83CV002DIN%2Fdp%2FB0CTMQDLQX%2Fref%3Dsr_1_21_sspa%3Fcrid%3D90IDMGCNQ28V%26dib%3DeyJ2IjoiMSJ9.AeiGbFXyCURID9x2n--3FgKLs-WlE8yDSsYWx_W3MCoW-_LW77YZRX4IuZ4Hm3lP_0q-HnFpsjqs-5WZypKGw_pjeGJgDzlnQ493QYrydCAeUs5dXmlMLKxjrKfZ_QLyITJUMFqhSez9NgUV-iMBwtvpaR_u2Iy6qx8i4InbKywEAZ7Kd1lTNuzpr92ReiH4HX6UNEfRmCOyVfEOkH75M3FxBIQupKNLBWCJyMB8kwg.oesMpGkyk5LpvBnaH0ofp6gWPs4P1xKIE82oO07ozis%26dib_tag%3Dse%26keywords%3Dlaptop%26qid%3D1721655997%26sprefix%3Dlaptop%252Caps%252C248%26sr%3D8-21-spons%26sp_csd%3Dd2lkZ2V0TmFtZT1zcF9idGY%26psc%3D1
19,"Lenovo Legion Slim 5 AI Powered AMD Ryzen 7 7840HS 16"" (40.64cm) WUXGA-IPS 144Hz 300Nits Gaming Laptop (16GB/512GB SSD/Win11/Office/NVIDIA RTX 4050 6GB/Alexa/3 Month Game Pass/Grey/2.4Kg), 82Y9009KIN  ","₹99,980",https://amazon.in//sspa/click?ie=UTF8&spc=MTozNDY5ODM3NjMzMzkxMjAzOjE3MjE2NTU5OTc6c3BfYnRmOjMwMDA1MDQyNDQ2NzUzMjo6MDo6&url=%2FLenovo-Powered-40-64cm-WQXGA-IPS-82Y9009KIN%2Fdp%2FB0CGLRVH6C%2Fref%3Dsr_1_22_sspa%3Fcrid%3D90IDMGCNQ28V%26dib%3DeyJ2IjoiMSJ9.AeiGbFXyCURID9x2n--3FgKLs-WlE8yDSsYWx_W3MCoW-_LW77YZRX4IuZ4Hm3lP_0q-HnFpsjqs-5WZypKGw_pjeGJgDzlnQ493QYrydCAeUs5dXmlMLKxjrKfZ_QLyITJUMFqhSez9NgUV-iMBwtvpaR_u2Iy6qx8i4InbKywEAZ7Kd1lTNuzpr92ReiH4HX6UNEfRmCOyVfEOkH75M3FxBIQupKNLBWCJyMB8kwg.oesMpGkyk5LpvBnaH0ofp6gWPs4P1xKIE82oO07ozis%26dib_tag%3Dse%26keywords%3Dlaptop%26qid%3D1721655997%26sprefix%3Dlaptop%252Caps%252C248%26sr%3D8-22-spons%26sp_csd%3Dd2lkZ2V0TmFtZT1zcF9idGY%26psc%3D1
20,"Lenovo IdeaPad Slim 3 Intel Core i7 12th Gen 15.6inch (39.62cm) FHD Thin & Light Laptop (8GB/512GB SSD/Windows 11/Office 2021/1Yr ADP Free/3months Game Pass/Grey/1.63Kg), 82RK011GIN  ","₹56,990",https://amazon.in//sspa/click?ie=UTF8&spc=MTo4Nzk4MDk4NDA0MTUzMjAzOjE3MjE2NTYwMDE6c3BfYXRmX25leHQ6MzAwMTA3NTE3ODQwOTMyOjowOjo&url=%2FLenovo-IdeaPad-39-62cm-Windows-82RK011EIN%2Fdp%2FB0CMGZCDRW%2Fref%3Dsr_1_17_sspa%3Fcrid%3D90IDMGCNQ28V%26dib%3DeyJ2IjoiMSJ9.4AYABodbM1C5JzOptik4SmF41fWoOeJPwiNN5WAqCFt33bmMQo4EvgC-jDf4o7wGSvlvgTCc9hR1qjbS-97OUqtkeQgCcRav2fv2gsQ3qr6jHCAa7yk0K7N2kcO6nc208mmufpeka78thaOoEKaAkNmp9jo9IdCD845MZuV_hm04sclN_ee5vL4UQjlPIyDPbWQ_2Kd5LyLCEWWkfssR9eXWmotbeRKDlsXJt-USoew.i9d4qzHfiSdOBTxataDQNU3V9vm5M_zKgZ2BAu52938%26dib_tag%3Dse%26keywords%3Dlaptop%26qid%3D1721656001%26sprefix%3Dlaptop%252Caps%252C248%26sr%3D8-17-spons%26sp_csd%3Dd2lkZ2V0TmFtZT1zcF9hdGZfbmV4dA%26psc%3D1
21,"ASUS Vivobook 15, IntelCore i7-12650H 12th Gen, 15.6"" (39.62 cm) FHD, Thin and Light Laptop (16 GB RAM/512GB SSD/Win11/Office 2021/Backlit/42WHr /Silver/1.75), X1502ZA-EJ742WS  ","₹57,990",https://amazon.in//sspa/click?ie=UTF8&spc=MTo4Nzk4MDk4NDA0MTUzMjAzOjE3MjE2NTYwMDE6c3BfYXRmX25leHQ6MzAwMjUwODMxNDk1NDMyOjowOjo&url=%2FASUS-Vivobook-IntelCore-i7-12650H-X1502ZA-EJ742WS%2Fdp%2FB0CCP9RSG9%2Fref%3Dsr_1_18_sspa%3Fcrid%3D90IDMGCNQ28V%26dib%3DeyJ2IjoiMSJ9.4AYABodbM1C5JzOptik4SmF41fWoOeJPwiNN5WAqCFt33bmMQo4EvgC-jDf4o7wGSvlvgTCc9hR1qjbS-97OUqtkeQgCcRav2fv2gsQ3qr6jHCAa7yk0K7N2kcO6nc208mmufpeka78thaOoEKaAkNmp9jo9IdCD845MZuV_hm04sclN_ee5vL4UQjlPIyDPbWQ_2Kd5LyLCEWWkfssR9eXWmotbeRKDlsXJt-USoew.i9d4qzHfiSdOBTxataDQNU3V9vm5M_zKgZ2BAu52938%26dib_tag%3Dse%26keywords%3Dlaptop%26qid%3D1721656001%26sprefix%3Dlaptop%252Caps%252C248%26sr%3D8-18-spons%26sp_csd%3Dd2lkZ2V0TmFtZT1zcF9hdGZfbmV4dA%26psc%3D1
22,"HP Laptop 15s, 12th Gen Intel Core i3, 15.6-inch (39.6 cm), 8GB DDR4, 512GB SSD, Thin & light, Dual speakers (Win 11, MSO 2021, Silver, 1.69 kg), fq5007TU / FQ5327TU  ","₹36,036",https://amazon.in//HP-i3-1215U-15-6-inch-Graphics-Speakers/dp/B0BP2M7CCS/ref=sr_1_3?crid=90IDMGCNQ28V&dib=eyJ2IjoiMSJ9.AeiGbFXyCURID9x2n--3FgKLs-WlE8yDSsYWx_W3MCoW-_LW77YZRX4IuZ4Hm3lP_0q-HnFpsjqs-5WZypKGw_pjeGJgDzlnQ493QYrydCAeUs5dXmlMLKxjrKfZ_QLyITJUMFqhSez9NgUV-iMBwtvpaR_u2Iy6qx8i4InbKywEAZ7Kd1lTNuzpr92ReiH4HX6UNEfRmCOyVfEOkH75M3FxBIQupKNLBWCJyMB8kwg.oesMpGkyk5LpvBnaH0ofp6gWPs4P1xKIE82oO07ozis&dib_tag=se&keywords=laptop&qid=1721655997&sprefix=laptop%2Caps%2C248&sr=8-3
23,"HP Laptop 14s, 12th Gen Intel Core i3-1215U, 14-inch (35.6 cm), FHD, 8GB DDR4, 512GB SSD, Intel UHD graphics, Thin & light, Dual speakers (Win 11, MSO 2021, Silver, 1.46 kg), dy5008TU  ","₹35,990",https://amazon.in//HP-i3-1215U-Graphics-Speakers-dy5008TU/dp/B0BZS88YPT/ref=sr_1_19?crid=90IDMGCNQ28V&dib=eyJ2IjoiMSJ9.4AYABodbM1C5JzOptik4SmF41fWoOeJPwiNN5WAqCFt33bmMQo4EvgC-jDf4o7wGSvlvgTCc9hR1qjbS-97OUqtkeQgCcRav2fv2gsQ3qr6jHCAa7yk0K7N2kcO6nc208mmufpeka78thaOoEKaAkNmp9jo9IdCD845MZuV_hm04sclN_ee5vL4UQjlPIyDPbWQ_2Kd5LyLCEWWkfssR9eXWmotbeRKDlsXJt-USoew.i9d4qzHfiSdOBTxataDQNU3V9vm5M_zKgZ2BAu52938&dib_tag=se&keywords=laptop&qid=1721656001&sprefix=laptop%2Caps%2C248&sr=8-19
24,"ASUS Vivobook 14, IntelCore i3-1215U 12th Gen, 14"" (35.56 cm) FHD, Thin and Light Laptop (8 GB RAM/512GB SSD/Win11/Office 2021/Fingerprint/42WHr /Silver/1.40 kg), X1404ZA-NK322WS  ","₹33,990",https://amazon.in//ASUS-Vivobook-IntelCore-Fingerprint-X1404ZA-NK322WS/dp/B0CCPBPYSB/ref=sr_1_20?crid=90IDMGCNQ28V&dib=eyJ2IjoiMSJ9.4AYABodbM1C5JzOptik4SmF41fWoOeJPwiNN5WAqCFt33bmMQo4EvgC-jDf4o7wGSvlvgTCc9hR1qjbS-97OUqtkeQgCcRav2fv2gsQ3qr6jHCAa7yk0K7N2kcO6nc208mmufpeka78thaOoEKaAkNmp9jo9IdCD845MZuV_hm04sclN_ee5vL4UQjlPIyDPbWQ_2Kd5LyLCEWWkfssR9eXWmotbeRKDlsXJt-USoew.i9d4qzHfiSdOBTxataDQNU3V9vm5M_zKgZ2BAu52938&dib_tag=se&keywords=laptop&qid=1721656001&sprefix=laptop%2Caps%2C248&sr=8-20
25,"Dell [Smartchoice G15-5530 Gaming Laptop, Intel Core i5-13450HX, 16GB DDR5, 1TB, NVIDIA RTX 3050,6GB GDDR6,15.6"" (39.62cm) FHD 120Hz 250 nits,Backlit KB Orange,Win 11 + MSO'21,Dark Shadow Gray,2.65kg  ","₹77,490",https://amazon.in//Dell-Smartchoice-G15-5530-Gaming-i5-13450HX/dp/B0CRKXDX83/ref=sr_1_21?crid=90IDMGCNQ28V&dib=eyJ2IjoiMSJ9.4AYABodbM1C5JzOptik4SmF41fWoOeJPwiNN5WAqCFt33bmMQo4EvgC-jDf4o7wGSvlvgTCc9hR1qjbS-97OUqtkeQgCcRav2fv2gsQ3qr6jHCAa7yk0K7N2kcO6nc208mmufpeka78thaOoEKaAkNmp9jo9IdCD845MZuV_hm04sclN_ee5vL4UQjlPIyDPbWQ_2Kd5LyLCEWWkfssR9eXWmotbeRKDlsXJt-USoew.i9d4qzHfiSdOBTxataDQNU3V9vm5M_zKgZ2BAu52938&dib_tag=se&keywords=laptop&qid=1721656001&sprefix=laptop%2Caps%2C248&sr=8-21
26,"ASUS Vivobook 14, IntelCore i3-1215U 12th Gen, 14"" (35.56 cm) FHD, Thin and Light Laptop (8 GB RAM/512GB SSD/Win11/Office 2021/Fingerprint/42WHr /Silver/1.40 kg), X1404ZA-NK322WS  ","₹33,990",https://amazon.in//sspa/click?ie=UTF8&spc=MTo0MDEyNjYxNjk3NjkyMDM6MTcyMTY1NjAwMTpzcF9zZWFyY2hfdGhlbWF0aWM6MzAwMjUwODMxNDkzNzMyOjowOjo&url=%2FASUS-Vivobook-IntelCore-Fingerprint-X1404ZA-NK322WS%2Fdp%2FB0CCPBPYSB%2Fref%3Dsxin_15_pa_sp_search_thematic_sspa%3Fcontent-id%3Damzn1.sym.fc684e65-c18a-4031-9f8d-e6a2af0c8bfb%253Aamzn1.sym.fc684e65-c18a-4031-9f8d-e6a2af0c8bfb%26crid%3D90IDMGCNQ28V%26cv_ct_cx%3Dlaptop%26dib%3DeyJ2IjoiMSJ9.IKJWsJNJwc59bZiX8jDFx_JjMXi3n5VIyE6UwQnNWDBYqdEqPLekGF4vgebwdO8vggKna1ErXFpmH4EULOO4iA.QbYNCgTbIRI0ur-dH2UglZ18aQx7xyFAs5Uja9Pu9_Y%26dib_tag%3Dse%26keywords%3Dlaptop%26pd_rd_i%3DB0CCPBPYSB%26pd_rd_r%3Dea8c431d-4537-431b-8952-e867b52993f0%26pd_rd_w%3DzKgX1%26pd_rd_wg%3DCTUUh%26pf_rd_p%3Dfc684e65-c18a-4031-9f8d-e6a2af0c8bfb%26pf_rd_r%3DFGHET0BKH9FGE0HN6D7Z%26qid%3D1721656001%26sbo%3DRZvfv%252F%252FHxDF%252BO5021pAnSA%253D%253D%26sprefix%3Dlaptop%252Caps%252C248%26sr%3D1-17-2ec22325-1003-449d-8aaf-c0bcc24717ae-spons%26sp_csd%3Dd2lkZ2V0TmFtZT1zcF9zZWFyY2hfdGhlbWF0aWM%26psc%3D1
27,"Lenovo IdeaPad 1 AMD Ryzen 5 5500U 15.6"" (39.62cm) FHD Thin & Light Laptop (8GB/512GB SSD/Windows 11/Office 2021/HD Camera/1 Year ADP Free/Grey/1.6Kg), 82R400BGIN  ","₹35,490",https://amazon.in//sspa/click?ie=UTF8&spc=MTo0MDEyNjYxNjk3NjkyMDM6MTcyMTY1NjAwMTpzcF9zZWFyY2hfdGhlbWF0aWM6MzAwMTIwNTg0OTMzNDMyOjoxOjo&url=%2FLenovo-IdeaPad-39-62cm-Windows-82R400BGIN%2Fdp%2FB09MM58Y7Q%2Fref%3Dsxin_15_pa_sp_search_thematic_sspa%3Fcontent-id%3Damzn1.sym.fc684e65-c18a-4031-9f8d-e6a2af0c8bfb%253Aamzn1.sym.fc684e65-c18a-4031-9f8d-e6a2af0c8bfb%26crid%3D90IDMGCNQ28V%26cv_ct_cx%3Dlaptop%26dib%3DeyJ2IjoiMSJ9.IKJWsJNJwc59bZiX8jDFx_JjMXi3n5VIyE6UwQnNWDBYqdEqPLekGF4vgebwdO8vggKna1ErXFpmH4EULOO4iA.QbYNCgTbIRI0ur-dH2UglZ18aQx7xyFAs5Uja9Pu9_Y%26dib_tag%3Dse%26keywords%3Dlaptop%26pd_rd_i%3DB09MM58Y7Q%26pd_rd_r%3Dea8c431d-4537-431b-8952-e867b52993f0%26pd_rd_w%3DzKgX1%26pd_rd_wg%3DCTUUh%26pf_rd_p%3Dfc684e65-c18a-4031-9f8d-e6a2af0c8bfb%26pf_rd_r%3DFGHET0BKH9FGE0HN6D7Z%26qid%3D1721656001%26sbo%3DRZvfv%252F%252FHxDF%252BO5021pAnSA%253D%253D%26sprefix%3Dlaptop%252Caps%252C248%26sr%3D1-18-2ec22325-1003-449d-8aaf-c0bcc24717ae-spons%26sp_csd%3Dd2lkZ2V0TmFtZT1zcF9zZWFyY2hfdGhlbWF0aWM%26psc%3D1
28,"MSI Modern 14, Intel 12th Gen. i7-1255U, 36CM FHD 60Hz Laptop (16GB/512GB NVMe SSD/Windows 11 Home/Intel Iris Xe Graphics/Classic Black/1.4Kg), C12M-459IN  ","₹47,990",https://amazon.in//sspa/click?ie=UTF8&spc=MTo0MDEyNjYxNjk3NjkyMDM6MTcyMTY1NjAwMTpzcF9zZWFyY2hfdGhlbWF0aWM6MzAwMjUwODMxNDk1NzMyOjoyOjo&url=%2FMSI-i7-1255U-Windows-Graphics-C12M-459IN%2Fdp%2FB09YCX5F52%2Fref%3Dsxin_15_pa_sp_search_thematic_sspa%3Fcontent-id%3Damzn1.sym.fc684e65-c18a-4031-9f8d-e6a2af0c8bfb%253Aamzn1.sym.fc684e65-c18a-4031-9f8d-e6a2af0c8bfb%26crid%3D90IDMGCNQ28V%26cv_ct_cx%3Dlaptop%26dib%3DeyJ2IjoiMSJ9.IKJWsJNJwc59bZiX8jDFx_JjMXi3n5VIyE6UwQnNWDBYqdEqPLekGF4vgebwdO8vggKna1ErXFpmH4EULOO4iA.QbYNCgTbIRI0ur-dH2UglZ18aQx7xyFAs5Uja9Pu9_Y%26dib_tag%3Dse%26keywords%3Dlaptop%26pd_rd_i%3DB09YCX5F52%26pd_rd_r%3Dea8c431d-4537-431b-8952-e867b52993f0%26pd_rd_w%3DzKgX1%26pd_rd_wg%3DCTUUh%26pf_rd_p%3Dfc684e65-c18a-4031-9f8d-e6a2af0c8bfb%26pf_rd_r%3DFGHET0BKH9FGE0HN6D7Z%26qid%3D1721656001%26sbo%3DRZvfv%252F%252FHxDF%252BO5021pAnSA%253D%253D%26sprefix%3Dlaptop%252Caps%252C248%26sr%3D1-19-2ec22325-1003-449d-8aaf-c0bcc24717ae-spons%26sp_csd%3Dd2lkZ2V0TmFtZT1zcF9zZWFyY2hfdGhlbWF0aWM%26psc%3D1
29,"[Smart Choice] Lenovo IdeaPad Gaming 3 Laptop AMD Ryzen 5 5500H 15.6"" (39.62cm) FHD IPS 300nits 144Hz (8GB/512GB SSD/Win 11/NVIDIA RTX 2050 4GB/Alexa/3 Month Game Pass/Shadow Black/2.32Kg), 82K20289IN  ","₹43,990",https://amazon.in//sspa/click?ie=UTF8&spc=MTo0MDEyNjYxNjk3NjkyMDM6MTcyMTY1NjAwMTpzcF9zZWFyY2hfdGhlbWF0aWM6MzAwMTAzMTI1OTUyMzMyOjozOjo&url=%2FLenovo-IdeaPad-39-62cm-300nits-82K20289IN%2Fdp%2FB0CL5L59Z9%2Fref%3Dsxin_15_pa_sp_search_thematic_sspa%3Fcontent-id%3Damzn1.sym.fc684e65-c18a-4031-9f8d-e6a2af0c8bfb%253Aamzn1.sym.fc684e65-c18a-4031-9f8d-e6a2af0c8bfb%26crid%3D90IDMGCNQ28V%26cv_ct_cx%3Dlaptop%26dib%3DeyJ2IjoiMSJ9.IKJWsJNJwc59bZiX8jDFx_JjMXi3n5VIyE6UwQnNWDBYqdEqPLekGF4vgebwdO8vggKna1ErXFpmH4EULOO4iA.QbYNCgTbIRI0ur-dH2UglZ18aQx7xyFAs5Uja9Pu9_Y%26dib_tag%3Dse%26keywords%3Dlaptop%26pd_rd_i%3DB0CL5L59Z9%26pd_rd_r%3Dea8c431d-4537-431b-8952-e867b52993f0%26pd_rd_w%3DzKgX1%26pd_rd_wg%3DCTUUh%26pf_rd_p%3Dfc684e65-c18a-4031-9f8d-e6a2af0c8bfb%26pf_rd_r%3DFGHET0BKH9FGE0HN6D7Z%26qid%3D1721656001%26sbo%3DRZvfv%252F%252FHxDF%252BO5021pAnSA%253D%253D%26sprefix%3Dlaptop%252Caps%252C248%26sr%3D1-20-2ec22325-1003-449d-8aaf-c0bcc24717ae-spons%26sp_csd%3Dd2lkZ2V0TmFtZT1zcF9zZWFyY2hfdGhlbWF0aWM%26psc%3D1
30,"HP Laptop 15s, 12th Gen Intel Core i3, 15.6-inch (39.6 cm), 8GB DDR4, 512GB SSD, Thin & light, Dual speakers (Win 11, MSO 2021, Silver, 1.69 kg), fq5007TU / FQ5327TU  ","₹36,036",https://amazon.in//sspa/click?ie=UTF8&spc=MTo0MDEyNjYxNjk3NjkyMDM6MTcyMTY1NjAwMTpzcF9zZWFyY2hfdGhlbWF0aWM6MzAwMjUwODMxNDkzNDMyOjo0Ojo&url=%2FHP-i3-1215U-15-6-inch-Graphics-Speakers%2Fdp%2FB0BP2M7CCS%2Fref%3Dsxin_15_pa_sp_search_thematic_sspa%3Fcontent-id%3Damzn1.sym.fc684e65-c18a-4031-9f8d-e6a2af0c8bfb%253Aamzn1.sym.fc684e65-c18a-4031-9f8d-e6a2af0c8bfb%26crid%3D90IDMGCNQ28V%26cv_ct_cx%3Dlaptop%26dib%3DeyJ2IjoiMSJ9.IKJWsJNJwc59bZiX8jDFx_JjMXi3n5VIyE6UwQnNWDBYqdEqPLekGF4vgebwdO8vggKna1ErXFpmH4EULOO4iA.QbYNCgTbIRI0ur-dH2UglZ18aQx7xyFAs5Uja9Pu9_Y%26dib_tag%3Dse%26keywords%3Dlaptop%26pd_rd_i%3DB0BP2M7CCS%26pd_rd_r%3Dea8c431d-4537-431b-8952-e867b52993f0%26pd_rd_w%3DzKgX1%26pd_rd_wg%3DCTUUh%26pf_rd_p%3Dfc684e65-c18a-4031-9f8d-e6a2af0c8bfb%26pf_rd_r%3DFGHET0BKH9FGE0HN6D7Z%26qid%3D1721656001%26sbo%3DRZvfv%252F%252FHxDF%252BO5021pAnSA%253D%253D%26sprefix%3Dlaptop%252Caps%252C248%26sr%3D1-21-2ec22325-1003-449d-8aaf-c0bcc24717ae-spons%26sp_csd%3Dd2lkZ2V0TmFtZT1zcF9zZWFyY2hfdGhlbWF0aWM%26psc%3D1
31,"Apple MacBook Air Laptop M1 chip, 13.3-inch/33.74 cm Retina Display, 8GB RAM, 256GB SSD Storage, Backlit Keyboard, FaceTime HD Camera, Touch ID. Works with iPhone/iPad; Space Grey  ","₹68,990",https://amazon.in//Apple-MacBook-Chip-13-inch-256GB/dp/B08N5W4NNB/ref=sr_1_22?crid=90IDMGCNQ28V&dib=eyJ2IjoiMSJ9.4AYABodbM1C5JzOptik4SmF41fWoOeJPwiNN5WAqCFt33bmMQo4EvgC-jDf4o7wGSvlvgTCc9hR1qjbS-97OUqtkeQgCcRav2fv2gsQ3qr6jHCAa7yk0K7N2kcO6nc208mmufpeka78thaOoEKaAkNmp9jo9IdCD845MZuV_hm04sclN_ee5vL4UQjlPIyDPbWQ_2Kd5LyLCEWWkfssR9eXWmotbeRKDlsXJt-USoew.i9d4qzHfiSdOBTxataDQNU3V9vm5M_zKgZ2BAu52938&dib_tag=se&keywords=laptop&qid=1721656001&sprefix=laptop%2Caps%2C248&sr=8-22
32,"Dell 14 Thin & Light Laptop, 12th Gen Intel Core i3-1215U Processor/8GB/512GB SSD/Intel UHD Graphics/14.0""(35.56cm) FHD/Windows 11 + MSO'21/15 Month McAfee/Spill-Resistant Keyboard/Grey/1.48kg  ","₹34,990",https://amazon.in//Dell-14-Rheinland-Certified-Comfortview/dp/B0BQJ9HZPP/ref=sr_1_23?crid=90IDMGCNQ28V&dib=eyJ2IjoiMSJ9.4AYABodbM1C5JzOptik4SmF41fWoOeJPwiNN5WAqCFt33bmMQo4EvgC-jDf4o7wGSvlvgTCc9hR1qjbS-97OUqtkeQgCcRav2fv2gsQ3qr6jHCAa7yk0K7N2kcO6nc208mmufpeka78thaOoEKaAkNmp9jo9IdCD845MZuV_hm04sclN_ee5vL4UQjlPIyDPbWQ_2Kd5LyLCEWWkfssR9eXWmotbeRKDlsXJt-USoew.i9d4qzHfiSdOBTxataDQNU3V9vm5M_zKgZ2BAu52938&dib_tag=se&keywords=laptop&qid=1721656001&sprefix=laptop%2Caps%2C248&sr=8-23
33,"(Refurbished) Lenovo V310 6th Gen Intel Core i3 Thin & Light HD Laptop (8 GB DDR4 RAM/256 GB SSD/14"" (35.6 cm) HD/Windows 11/MS Office/WiFi/BT/Webcam/Intel HD Graphics)  ","₹13,426",https://amazon.in//Refurbished-Lenovo-Laptop-Windows-Graphics/dp/B0D9DH3WS2/ref=sr_1_4?crid=90IDMGCNQ28V&dib=eyJ2IjoiMSJ9.AeiGbFXyCURID9x2n--3FgKLs-WlE8yDSsYWx_W3MCoW-_LW77YZRX4IuZ4Hm3lP_0q-HnFpsjqs-5WZypKGw_pjeGJgDzlnQ493QYrydCAeUs5dXmlMLKxjrKfZ_QLyITJUMFqhSez9NgUV-iMBwtvpaR_u2Iy6qx8i4InbKywEAZ7Kd1lTNuzpr92ReiH4HX6UNEfRmCOyVfEOkH75M3FxBIQupKNLBWCJyMB8kwg.oesMpGkyk5LpvBnaH0ofp6gWPs4P1xKIE82oO07ozis&dib_tag=se&keywords=laptop&qid=1721655997&sprefix=laptop%2Caps%2C248&sr=8-4
34,"Acer Aspire Lite 12th Gen Intel Core i5-1235U Thin and Light Laptop (Windows 11 Home/16GB RAM/512GB SSD/Intel Iris Xe Graphics) AL15-52, 39.62cm (15.6"") Full HD Display, Metal Body, Steel Gray, 1.6 KG  ","₹40,999",https://amazon.in//Acer-i5-1235U-Windows-Graphics-AL15-52/dp/B0CLTW4D7T/ref=sr_1_24?crid=90IDMGCNQ28V&dib=eyJ2IjoiMSJ9.4AYABodbM1C5JzOptik4SmF41fWoOeJPwiNN5WAqCFt33bmMQo4EvgC-jDf4o7wGSvlvgTCc9hR1qjbS-97OUqtkeQgCcRav2fv2gsQ3qr6jHCAa7yk0K7N2kcO6nc208mmufpeka78thaOoEKaAkNmp9jo9IdCD845MZuV_hm04sclN_ee5vL4UQjlPIyDPbWQ_2Kd5LyLCEWWkfssR9eXWmotbeRKDlsXJt-USoew.i9d4qzHfiSdOBTxataDQNU3V9vm5M_zKgZ2BAu52938&dib_tag=se&keywords=laptop&qid=1721656001&sprefix=laptop%2Caps%2C248&sr=8-24
35,"HP Laptop 15, 13th Gen Intel Core i3-1315U, 15.6-inch (39.6 cm), FHD, 8GB DDR4, 512GB SSD, Thin & light, Intel Iris Xᵉ graphics, Dual speakers (Win 11, MSO 2021, Silver, 1.59 kg), fd0006TU  ","₹39,990",https://amazon.in//HP-i3-1315U-15-6-inch-Graphics-Speakers/dp/B0C3RF3HT3/ref=sr_1_25?crid=90IDMGCNQ28V&dib=eyJ2IjoiMSJ9.4AYABodbM1C5JzOptik4SmF41fWoOeJPwiNN5WAqCFt33bmMQo4EvgC-jDf4o7wGSvlvgTCc9hR1qjbS-97OUqtkeQgCcRav2fv2gsQ3qr6jHCAa7yk0K7N2kcO6nc208mmufpeka78thaOoEKaAkNmp9jo9IdCD845MZuV_hm04sclN_ee5vL4UQjlPIyDPbWQ_2Kd5LyLCEWWkfssR9eXWmotbeRKDlsXJt-USoew.i9d4qzHfiSdOBTxataDQNU3V9vm5M_zKgZ2BAu52938&dib_tag=se&keywords=laptop&qid=1721656001&sprefix=laptop%2Caps%2C248&sr=8-25
36,"HP Laptop 15s, AMD Ryzen 7 5700U, 15.6-inch (39.6 cm), FHD, 16GB DDR4, 512GB SSD, AMD Radeon graphics, Backlit KB, Thin & light, Dual speakers (Win 11, MSO 2021, Silver, 1.69 kg), ey2001AU  ","₹46,849",https://amazon.in//HP-15-6-inch-Graphics-Speakers-ey2001AU/dp/B0C9DDN2JB/ref=sr_1_26?crid=90IDMGCNQ28V&dib=eyJ2IjoiMSJ9.4AYABodbM1C5JzOptik4SmF41fWoOeJPwiNN5WAqCFt33bmMQo4EvgC-jDf4o7wGSvlvgTCc9hR1qjbS-97OUqtkeQgCcRav2fv2gsQ3qr6jHCAa7yk0K7N2kcO6nc208mmufpeka78thaOoEKaAkNmp9jo9IdCD845MZuV_hm04sclN_ee5vL4UQjlPIyDPbWQ_2Kd5LyLCEWWkfssR9eXWmotbeRKDlsXJt-USoew.i9d4qzHfiSdOBTxataDQNU3V9vm5M_zKgZ2BAu52938&dib_tag=se&keywords=laptop&qid=1721656001&sprefix=laptop%2Caps%2C248&sr=8-26
37,"Lenovo LOQ 2024 13th Gen Intel Core i7-13650HX 15.6"" (39.6cm) 144Hz 300Nits FHD Gaming Laptop (24GB/512GB SSD/Win 11/NVIDIA RTX 4060 8GB/MSO 21/1Yr ADP Free/3mon Game Pass/Grey/2.4Kg), 83DV00LXIN  ","₹1,04,990",https://amazon.in//sspa/click?ie=UTF8&spc=MTo4Nzk4MDk4NDA0MTUzMjAzOjE3MjE2NTYwMDE6c3BfbXRmOjMwMDIwNjU1Nzg5NjQzMjo6MDo6&url=%2FLenovo-i7-13650HX-39-6cm-300Nits-83DV00LXIN%2Fdp%2FB0D3TGNY9G%2Fref%3Dsr_1_27_sspa%3Fcrid%3D90IDMGCNQ28V%26dib%3DeyJ2IjoiMSJ9.4AYABodbM1C5JzOptik4SmF41fWoOeJPwiNN5WAqCFt33bmMQo4EvgC-jDf4o7wGSvlvgTCc9hR1qjbS-97OUqtkeQgCcRav2fv2gsQ3qr6jHCAa7yk0K7N2kcO6nc208mmufpeka78thaOoEKaAkNmp9jo9IdCD845MZuV_hm04sclN_ee5vL4UQjlPIyDPbWQ_2Kd5LyLCEWWkfssR9eXWmotbeRKDlsXJt-USoew.i9d4qzHfiSdOBTxataDQNU3V9vm5M_zKgZ2BAu52938%26dib_tag%3Dse%26keywords%3Dlaptop%26qid%3D1721656001%26sprefix%3Dlaptop%252Caps%252C248%26sr%3D8-27-spons%26sp_csd%3Dd2lkZ2V0TmFtZT1zcF9tdGY%26psc%3D1
38,"Lenovo LOQ 2024 12th Gen Intel Core i5-12450HX 15.6"" (39.6cm) 144Hz 300Nits FHD IPS Gaming Laptop (16GB/512GB SSD/NVIDIA RTX 3050 6GB Graphics/Win 11/Non-MSO/3 Mon. Game Pass/Grey/2.4Kg), 83GS003NIN  ","₹64,490",https://amazon.in//sspa/click?ie=UTF8&spc=MTo4Nzk4MDk4NDA0MTUzMjAzOjE3MjE2NTYwMDE6c3BfbXRmOjMwMDI2Mzc1MDQ3NjMzMjo6MDo6&url=%2FLenovo-i5-12450HX-300Nits-Graphics-83GS003NIN%2Fdp%2FB0D49RN3X6%2Fref%3Dsr_1_28_sspa%3Fcrid%3D90IDMGCNQ28V%26dib%3DeyJ2IjoiMSJ9.4AYABodbM1C5JzOptik4SmF41fWoOeJPwiNN5WAqCFt33bmMQo4EvgC-jDf4o7wGSvlvgTCc9hR1qjbS-97OUqtkeQgCcRav2fv2gsQ3qr6jHCAa7yk0K7N2kcO6nc208mmufpeka78thaOoEKaAkNmp9jo9IdCD845MZuV_hm04sclN_ee5vL4UQjlPIyDPbWQ_2Kd5LyLCEWWkfssR9eXWmotbeRKDlsXJt-USoew.i9d4qzHfiSdOBTxataDQNU3V9vm5M_zKgZ2BAu52938%26dib_tag%3Dse%26keywords%3Dlaptop%26qid%3D1721656001%26sprefix%3Dlaptop%252Caps%252C248%26sr%3D8-28-spons%26sp_csd%3Dd2lkZ2V0TmFtZT1zcF9tdGY%26psc%3D1
39,"(Refurbished) Dell Latitude 5270 6th Gen Intel Core i5 Thin & Light HD Laptop (8 GB DDR4 RAM/256 GB SSD/12.3"" (31.8 cm) HD/Windows 11/MS Office/WiFi/BT/Intel UHD Graphics)  ","₹15,999",https://amazon.in//Refurbished-Dell-Latitude-Windows-Graphics/dp/B0D8BGMLGH/ref=sr_1_29?crid=90IDMGCNQ28V&dib=eyJ2IjoiMSJ9.4AYABodbM1C5JzOptik4SmF41fWoOeJPwiNN5WAqCFt33bmMQo4EvgC-jDf4o7wGSvlvgTCc9hR1qjbS-97OUqtkeQgCcRav2fv2gsQ3qr6jHCAa7yk0K7N2kcO6nc208mmufpeka78thaOoEKaAkNmp9jo9IdCD845MZuV_hm04sclN_ee5vL4UQjlPIyDPbWQ_2Kd5LyLCEWWkfssR9eXWmotbeRKDlsXJt-USoew.i9d4qzHfiSdOBTxataDQNU3V9vm5M_zKgZ2BAu52938&dib_tag=se&keywords=laptop&qid=1721656001&sprefix=laptop%2Caps%2C248&sr=8-29
40,"HP Laptop 15,12th Gen Intel Core i3-1215U,15.6 inch(39.6 cm),FHD,Anti-Glare,8 GB DDR4,512 GB SSD,Windows 11,MSO,Dual Speakers,1.69 kg,Natural Silver,15s-fq5326TU  ","₹35,490",https://amazon.in//HP-i3-1215U-Anti-Glare-Speakers-15s-fq5326TU/dp/B0CYQ257C1/ref=sr_1_30?crid=90IDMGCNQ28V&dib=eyJ2IjoiMSJ9.4AYABodbM1C5JzOptik4SmF41fWoOeJPwiNN5WAqCFt33bmMQo4EvgC-jDf4o7wGSvlvgTCc9hR1qjbS-97OUqtkeQgCcRav2fv2gsQ3qr6jHCAa7yk0K7N2kcO6nc208mmufpeka78thaOoEKaAkNmp9jo9IdCD845MZuV_hm04sclN_ee5vL4UQjlPIyDPbWQ_2Kd5LyLCEWWkfssR9eXWmotbeRKDlsXJt-USoew.i9d4qzHfiSdOBTxataDQNU3V9vm5M_zKgZ2BAu52938&dib_tag=se&keywords=laptop&qid=1721656001&sprefix=laptop%2Caps%2C248&sr=8-30
41,"Dell Inspiron 3530 Thin & Light Laptop, 13th Gen Intel Core i3-1305U/8GB/512GB SSD/15.6"" (39.62cm) 120Hz Refresh Rate on a FHD IPS Display/Windows 11 + MSO'21+McAfee 15 Month/Carbon Black/1.62kg  ","₹39,990",https://amazon.in//Dell-Inspiron-3530-i3-1305U-Comfortview/dp/B0C4ZM63RP/ref=sr_1_31?crid=90IDMGCNQ28V&dib=eyJ2IjoiMSJ9.4AYABodbM1C5JzOptik4SmF41fWoOeJPwiNN5WAqCFt33bmMQo4EvgC-jDf4o7wGSvlvgTCc9hR1qjbS-97OUqtkeQgCcRav2fv2gsQ3qr6jHCAa7yk0K7N2kcO6nc208mmufpeka78thaOoEKaAkNmp9jo9IdCD845MZuV_hm04sclN_ee5vL4UQjlPIyDPbWQ_2Kd5LyLCEWWkfssR9eXWmotbeRKDlsXJt-USoew.i9d4qzHfiSdOBTxataDQNU3V9vm5M_zKgZ2BAu52938&dib_tag=se&keywords=laptop&qid=1721656001&sprefix=laptop%2Caps%2C248&sr=8-31
42,"HP Laptop 15s, 12th Gen Intel Core i3-1215U, 15.6-inch (39.6 cm), FHD, 8GB DDR4, 512GB SSD, Intel UHD graphics, 720p HD camera, Thin & Light, Dual speakers (Win 11, Silver, 1.69 kg), fy5011TU  ","₹36,990",https://amazon.in//HP-i3-1215U-15-6-inch-graphics-speakers/dp/B0D4LZMJ5Z/ref=sr_1_32?crid=90IDMGCNQ28V&dib=eyJ2IjoiMSJ9.4AYABodbM1C5JzOptik4SmF41fWoOeJPwiNN5WAqCFt33bmMQo4EvgC-jDf4o7wGSvlvgTCc9hR1qjbS-97OUqtkeQgCcRav2fv2gsQ3qr6jHCAa7yk0K7N2kcO6nc208mmufpeka78thaOoEKaAkNmp9jo9IdCD845MZuV_hm04sclN_ee5vL4UQjlPIyDPbWQ_2Kd5LyLCEWWkfssR9eXWmotbeRKDlsXJt-USoew.i9d4qzHfiSdOBTxataDQNU3V9vm5M_zKgZ2BAu52938&dib_tag=se&keywords=laptop&qid=1721656001&sprefix=laptop%2Caps%2C248&sr=8-32
43,"ASUS VivoBook 15 (2021) Thin and Light Laptop, Dual Core Intel Celeron N4020, 15.6-inch (39.62 cm) HD, (4GB RAM/256GB SSD/Integrated Graphics/Windows 11 Home/Transparent Silver/1.8 Kg), X515MA-BR011W  ","₹21,030",https://amazon.in//ASUS-15-6-inch-Integrated-Transparent-X515MA-BR011W/dp/B09SGGB687/ref=sr_1_33?crid=90IDMGCNQ28V&dib=eyJ2IjoiMSJ9.4AYABodbM1C5JzOptik4SmF41fWoOeJPwiNN5WAqCFt33bmMQo4EvgC-jDf4o7wGSvlvgTCc9hR1qjbS-97OUqtkeQgCcRav2fv2gsQ3qr6jHCAa7yk0K7N2kcO6nc208mmufpeka78thaOoEKaAkNmp9jo9IdCD845MZuV_hm04sclN_ee5vL4UQjlPIyDPbWQ_2Kd5LyLCEWWkfssR9eXWmotbeRKDlsXJt-USoew.i9d4qzHfiSdOBTxataDQNU3V9vm5M_zKgZ2BAu52938&dib_tag=se&keywords=laptop&qid=1721656001&sprefix=laptop%2Caps%2C248&sr=8-33
44,"HP Laptop 15s, AMD Ryzen 3 5300U, 15.6-inch (39.6 cm), FHD, 8GB DDR4, 512GB SSD, AMD Radeon graphics, Thin & light, Dual speakers (Win 11, MSO 2019, Silver, 1.69 kg), eq2143AU  ","₹29,990",https://amazon.in//HP-15-6inch-Micro-Edge-Anti-Glare-15s-Eq2143au/dp/B09R1MMMTH/ref=sr_1_5?crid=90IDMGCNQ28V&dib=eyJ2IjoiMSJ9.AeiGbFXyCURID9x2n--3FgKLs-WlE8yDSsYWx_W3MCoW-_LW77YZRX4IuZ4Hm3lP_0q-HnFpsjqs-5WZypKGw_pjeGJgDzlnQ493QYrydCAeUs5dXmlMLKxjrKfZ_QLyITJUMFqhSez9NgUV-iMBwtvpaR_u2Iy6qx8i4InbKywEAZ7Kd1lTNuzpr92ReiH4HX6UNEfRmCOyVfEOkH75M3FxBIQupKNLBWCJyMB8kwg.oesMpGkyk5LpvBnaH0ofp6gWPs4P1xKIE82oO07ozis&dib_tag=se&keywords=laptop&qid=1721655997&sprefix=laptop%2Caps%2C248&sr=8-5
45,"ASUS Vivobook 14 Thin and Light Laptop, IntelCore i3-1215U 12th Gen, 14"" (35.56 cm) FHD, (8 GB RAM/512GB SSD/Win11/Office 2021/Fingerprint/42WHr /Blue/1.40 kg), X1404ZA-NK321WS  ","₹33,990",https://amazon.in//ASUS-Vivobook-IntelCore-Fingerprint-X1404ZA-NK321WS/dp/B0CCP9PH92/ref=sr_1_34?crid=90IDMGCNQ28V&dib=eyJ2IjoiMSJ9.4AYABodbM1C5JzOptik4SmF41fWoOeJPwiNN5WAqCFt33bmMQo4EvgC-jDf4o7wGSvlvgTCc9hR1qjbS-97OUqtkeQgCcRav2fv2gsQ3qr6jHCAa7yk0K7N2kcO6nc208mmufpeka78thaOoEKaAkNmp9jo9IdCD845MZuV_hm04sclN_ee5vL4UQjlPIyDPbWQ_2Kd5LyLCEWWkfssR9eXWmotbeRKDlsXJt-USoew.i9d4qzHfiSdOBTxataDQNU3V9vm5M_zKgZ2BAu52938&dib_tag=se&keywords=laptop&qid=1721656001&sprefix=laptop%2Caps%2C248&sr=8-34
46,"Dell 15 Thin & Light Laptop, Intel Core i5-1235U Processor/16GB DDR4/512GB SSD/Intel UHD Graphics/15.6"" (39.62cm) FHD Display/Windows 11 + MSO'21/15 Month McAfee/Carbon Black/Spill-Resistant KB/1.69kg  ","₹50,990",https://amazon.in//Dell-Vostro-Metal-i5-1235U-35-56Cms/dp/B0BQJ7WR2R/ref=sr_1_35?crid=90IDMGCNQ28V&dib=eyJ2IjoiMSJ9.4AYABodbM1C5JzOptik4SmF41fWoOeJPwiNN5WAqCFt33bmMQo4EvgC-jDf4o7wGSvlvgTCc9hR1qjbS-97OUqtkeQgCcRav2fv2gsQ3qr6jHCAa7yk0K7N2kcO6nc208mmufpeka78thaOoEKaAkNmp9jo9IdCD845MZuV_hm04sclN_ee5vL4UQjlPIyDPbWQ_2Kd5LyLCEWWkfssR9eXWmotbeRKDlsXJt-USoew.i9d4qzHfiSdOBTxataDQNU3V9vm5M_zKgZ2BAu52938&dib_tag=se&keywords=laptop&qid=1721656001&sprefix=laptop%2Caps%2C248&sr=8-35
47,"Lenovo IdeaPad Slim 3 Intel Core i3 12th Gen 15.6"" (39.62cm) FHD Thin & Light Laptop (8GB/512GB SSD/Windows 11/Office 2021/1Yr ADP Free/3months Game Pass/Arctic Grey/1.63Kg), 82RK00VTIN  ","₹34,990",https://amazon.in//Lenovo-IdeaPad-39-62cm-Warranty-82RK006DIN/dp/B0B4JPC8GT/ref=sr_1_36?crid=90IDMGCNQ28V&dib=eyJ2IjoiMSJ9.4AYABodbM1C5JzOptik4SmF41fWoOeJPwiNN5WAqCFt33bmMQo4EvgC-jDf4o7wGSvlvgTCc9hR1qjbS-97OUqtkeQgCcRav2fv2gsQ3qr6jHCAa7yk0K7N2kcO6nc208mmufpeka78thaOoEKaAkNmp9jo9IdCD845MZuV_hm04sclN_ee5vL4UQjlPIyDPbWQ_2Kd5LyLCEWWkfssR9eXWmotbeRKDlsXJt-USoew.i9d4qzHfiSdOBTxataDQNU3V9vm5M_zKgZ2BAu52938&dib_tag=se&keywords=laptop&qid=1721656001&sprefix=laptop%2Caps%2C248&sr=8-36
48,"Acer Aspire Lite 12th Gen Intel Core i3-1215U Premium Metal Laptop (Windows 11 Home/8 GB RAM/512GB SSD) AL15-52, 39.62cm (15.6"") Full HD Display, Metal Body, Steel Gray, 1.59 Kg  ","₹29,990",https://amazon.in//sspa/click?ie=UTF8&spc=MTo4Nzk4MDk4NDA0MTUzMjAzOjE3MjE2NTYwMDE6c3BfYnRmOjMwMDI1MDgzMTQ5MzUzMjo6MDo6&url=%2FAcer-i3-1215U-Premium-Windows-AL15-52%2Fdp%2FB0CKLN7PSZ%2Fref%3Dsr_1_37_sspa%3Fcrid%3D90IDMGCNQ28V%26dib%3DeyJ2IjoiMSJ9.4AYABodbM1C5JzOptik4SmF41fWoOeJPwiNN5WAqCFt33bmMQo4EvgC-jDf4o7wGSvlvgTCc9hR1qjbS-97OUqtkeQgCcRav2fv2gsQ3qr6jHCAa7yk0K7N2kcO6nc208mmufpeka78thaOoEKaAkNmp9jo9IdCD845MZuV_hm04sclN_ee5vL4UQjlPIyDPbWQ_2Kd5LyLCEWWkfssR9eXWmotbeRKDlsXJt-USoew.i9d4qzHfiSdOBTxataDQNU3V9vm5M_zKgZ2BAu52938%26dib_tag%3Dse%26keywords%3Dlaptop%26qid%3D1721656001%26sprefix%3Dlaptop%252Caps%252C248%26sr%3D8-37-spons%26sp_csd%3Dd2lkZ2V0TmFtZT1zcF9idGY%26psc%3D1
49,"Lenovo IdeaPad Slim 3 Intel Core i3 12th Gen 15.6"" (39.62cm) FHD Thin & Light Laptop (8GB/512GB SSD/Windows 11/Office 2021/1Yr ADP Free/3months Game Pass/Arctic Grey/1.63Kg), 82RK00VTIN  ","₹34,990",https://amazon.in//sspa/click?ie=UTF8&spc=MTo4Nzk4MDk4NDA0MTUzMjAzOjE3MjE2NTYwMDE6c3BfYnRmOjMwMDI1MDgzMTQ5MzMzMjo6MDo6&url=%2FLenovo-IdeaPad-39-62cm-Warranty-82RK006DIN%2Fdp%2FB0B4JPC8GT%2Fref%3Dsr_1_38_sspa%3Fcrid%3D90IDMGCNQ28V%26dib%3DeyJ2IjoiMSJ9.4AYABodbM1C5JzOptik4SmF41fWoOeJPwiNN5WAqCFt33bmMQo4EvgC-jDf4o7wGSvlvgTCc9hR1qjbS-97OUqtkeQgCcRav2fv2gsQ3qr6jHCAa7yk0K7N2kcO6nc208mmufpeka78thaOoEKaAkNmp9jo9IdCD845MZuV_hm04sclN_ee5vL4UQjlPIyDPbWQ_2Kd5LyLCEWWkfssR9eXWmotbeRKDlsXJt-USoew.i9d4qzHfiSdOBTxataDQNU3V9vm5M_zKgZ2BAu52938%26dib_tag%3Dse%26keywords%3Dlaptop%26qid%3D1721656001%26sprefix%3Dlaptop%252Caps%252C248%26sr%3D8-38-spons%26sp_csd%3Dd2lkZ2V0TmFtZT1zcF9idGY%26psc%3D1
50,"Lenovo IdeaPad Slim 3 12th Gen Intel Core i5-12450H 14"" (35.5cm) FHD 250 Nits Thin & Light Laptop (16GB/512GB SSD/Win 11/Office 21/1Yr ADP Free/Alexa built-in/3 mon. Game Pass/Grey/1.37Kg), 83EQ005VIN  ","₹51,490",https://amazon.in//sspa/click?ie=UTF8&spc=MTo4ODQ2MzU1MTM2OTQ0MjAzOjE3MjE2NTU5OTc6c3Bfc2VhcmNoX3RoZW1hdGljOjMwMDIzMjE3Nzg5MjEzMjo6MDo6&url=%2FLenovo-IdeaPad-i5-12450H-35-5cm-83EQ005VIN%2Fdp%2FB0D6MPVN7B%2Fref%3Dsxin_15_pa_sp_search_thematic_sspa%3Fcontent-id%3Damzn1.sym.85e046b2-1010-4183-b7b7-f25119863240%253Aamzn1.sym.85e046b2-1010-4183-b7b7-f25119863240%26crid%3D90IDMGCNQ28V%26cv_ct_cx%3Dlaptop%26dib%3DeyJ2IjoiMSJ9.5QAwv_VUEud7NrEDn6bcLcdDEDaJEpVTy1jyA2Pl0cF8QUGrv-XbQ9HNvrs5mnFU78V5BXlpG1_eQQlPfXe6jg.-BD9QjRjdC8OH8l5k4aGfdeS2uIzBZbLXprw0Wyuixc%26dib_tag%3Dse%26keywords%3Dlaptop%26pd_rd_i%3DB0D6MPVN7B%26pd_rd_r%3D44c9b6c8-2f8f-4061-80d9-650f1292759f%26pd_rd_w%3DqY5rn%26pd_rd_wg%3DKsBsH%26pf_rd_p%3D85e046b2-1010-4183-b7b7-f25119863240%26pf_rd_r%3DEHSWXDV4DAN5DBD2TKKN%26qid%3D1721655997%26sbo%3DRZvfv%252F%252FHxDF%252BO5021pAnSA%253D%253D%26sprefix%3Dlaptop%252Caps%252C248%26sr%3D1-1-ced4eeeb-b190-41d6-902a-1ecb3fb8b7c4-spons%26sp_csd%3Dd2lkZ2V0TmFtZT1zcF9zZWFyY2hfdGhlbWF0aWM%26psc%3D1
51,"Lenovo IdeaPad Slim 5 12th Gen Intel Core i5 12450H 14"" (36cm) WUXGA IPS 300Nits Thin and Light Laptop (16GB/1TB SSD/Win 11/Office 21/BacklitKB/FHD Camera/Alexa/3 Mon Game Pass/Grey/1.46Kg),83BF0043IN  ","₹61,490",https://amazon.in//sspa/click?ie=UTF8&spc=MTo4ODQ2MzU1MTM2OTQ0MjAzOjE3MjE2NTU5OTc6c3Bfc2VhcmNoX3RoZW1hdGljOjMwMDEwMzQ5ODU4NjAzMjo6MTo6&url=%2FLenovo-IdeaPad-300Nits-BacklitKB-83BF0043IN%2Fdp%2FB0CNK1VTZW%2Fref%3Dsxin_15_pa_sp_search_thematic_sspa%3Fcontent-id%3Damzn1.sym.85e046b2-1010-4183-b7b7-f25119863240%253Aamzn1.sym.85e046b2-1010-4183-b7b7-f25119863240%26crid%3D90IDMGCNQ28V%26cv_ct_cx%3Dlaptop%26dib%3DeyJ2IjoiMSJ9.5QAwv_VUEud7NrEDn6bcLcdDEDaJEpVTy1jyA2Pl0cF8QUGrv-XbQ9HNvrs5mnFU78V5BXlpG1_eQQlPfXe6jg.-BD9QjRjdC8OH8l5k4aGfdeS2uIzBZbLXprw0Wyuixc%26dib_tag%3Dse%26keywords%3Dlaptop%26pd_rd_i%3DB0CNK1VTZW%26pd_rd_r%3D44c9b6c8-2f8f-4061-80d9-650f1292759f%26pd_rd_w%3DqY5rn%26pd_rd_wg%3DKsBsH%26pf_rd_p%3D85e046b2-1010-4183-b7b7-f25119863240%26pf_rd_r%3DEHSWXDV4DAN5DBD2TKKN%26qid%3D1721655997%26sbo%3DRZvfv%252F%252FHxDF%252BO5021pAnSA%253D%253D%26sprefix%3Dlaptop%252Caps%252C248%26sr%3D1-2-ced4eeeb-b190-41d6-902a-1ecb3fb8b7c4-spons%26sp_csd%3Dd2lkZ2V0TmFtZT1zcF9zZWFyY2hfdGhlbWF0aWM%26psc%3D1
52,"HP Laptop 15s, AMD Ryzen 5 5500U, 15.6-inch (39.6 cm), FHD, 16GB DDR4, 512GB SSD, AMD Radeon graphics, 720p HD camera, Backlit KB, Thin & Light (Win 11, MSO 2021, Silver, 1.69 kg), eq2182AU  ","₹39,890",https://amazon.in//sspa/click?ie=UTF8&spc=MTo4ODQ2MzU1MTM2OTQ0MjAzOjE3MjE2NTU5OTc6c3Bfc2VhcmNoX3RoZW1hdGljOjMwMDIxNDUwNDQyNzMzMjo6Mjo6&url=%2FHP-15-6-inches-Micro-Edge-Anti-Glare-15s-eq2182AU%2Fdp%2FB0B4N77Y34%2Fref%3Dsxin_15_pa_sp_search_thematic_sspa%3Fcontent-id%3Damzn1.sym.85e046b2-1010-4183-b7b7-f25119863240%253Aamzn1.sym.85e046b2-1010-4183-b7b7-f25119863240%26crid%3D90IDMGCNQ28V%26cv_ct_cx%3Dlaptop%26dib%3DeyJ2IjoiMSJ9.5QAwv_VUEud7NrEDn6bcLcdDEDaJEpVTy1jyA2Pl0cF8QUGrv-XbQ9HNvrs5mnFU78V5BXlpG1_eQQlPfXe6jg.-BD9QjRjdC8OH8l5k4aGfdeS2uIzBZbLXprw0Wyuixc%26dib_tag%3Dse%26keywords%3Dlaptop%26pd_rd_i%3DB0B4N77Y34%26pd_rd_r%3D44c9b6c8-2f8f-4061-80d9-650f1292759f%26pd_rd_w%3DqY5rn%26pd_rd_wg%3DKsBsH%26pf_rd_p%3D85e046b2-1010-4183-b7b7-f25119863240%26pf_rd_r%3DEHSWXDV4DAN5DBD2TKKN%26qid%3D1721655997%26sbo%3DRZvfv%252F%252FHxDF%252BO5021pAnSA%253D%253D%26sprefix%3Dlaptop%252Caps%252C248%26sr%3D1-3-ced4eeeb-b190-41d6-902a-1ecb3fb8b7c4-spons%26sp_csd%3Dd2lkZ2V0TmFtZT1zcF9zZWFyY2hfdGhlbWF0aWM%26psc%3D1
53,"HP Laptop 15s, AMD Ryzen 5 5500U, 15.6-inch (39.6 cm), FHD, 8GB DDR4, 512GB SSD, AMD Radeon graphics, Thin & light, Dual speakers (Win 11, MSO 2019, Silver, 1.69 kg), eq2144AU  ","₹36,990",https://amazon.in//sspa/click?ie=UTF8&spc=MTo4ODQ2MzU1MTM2OTQ0MjAzOjE3MjE2NTU5OTc6c3Bfc2VhcmNoX3RoZW1hdGljOjMwMDIxNDUwNDQyNzQzMjo6Mzo6&url=%2FHP-15-6-inch-graphics-speakers-eq2144AU%2Fdp%2FB09RZRF1PJ%2Fref%3Dsxin_15_pa_sp_search_thematic_sspa%3Fcontent-id%3Damzn1.sym.85e046b2-1010-4183-b7b7-f25119863240%253Aamzn1.sym.85e046b2-1010-4183-b7b7-f25119863240%26crid%3D90IDMGCNQ28V%26cv_ct_cx%3Dlaptop%26dib%3DeyJ2IjoiMSJ9.5QAwv_VUEud7NrEDn6bcLcdDEDaJEpVTy1jyA2Pl0cF8QUGrv-XbQ9HNvrs5mnFU78V5BXlpG1_eQQlPfXe6jg.-BD9QjRjdC8OH8l5k4aGfdeS2uIzBZbLXprw0Wyuixc%26dib_tag%3Dse%26keywords%3Dlaptop%26pd_rd_i%3DB09RZRF1PJ%26pd_rd_r%3D44c9b6c8-2f8f-4061-80d9-650f1292759f%26pd_rd_w%3DqY5rn%26pd_rd_wg%3DKsBsH%26pf_rd_p%3D85e046b2-1010-4183-b7b7-f25119863240%26pf_rd_r%3DEHSWXDV4DAN5DBD2TKKN%26qid%3D1721655997%26sbo%3DRZvfv%252F%252FHxDF%252BO5021pAnSA%253D%253D%26sprefix%3Dlaptop%252Caps%252C248%26sr%3D1-4-ced4eeeb-b190-41d6-902a-1ecb3fb8b7c4-spons%26sp_csd%3Dd2lkZ2V0TmFtZT1zcF9zZWFyY2hfdGhlbWF0aWM%26psc%3D1
